{
  "last_node_id": 310,
  "last_link_id": 444,
  "nodes": [
    {
      "id": 42,
      "type": "ImageScale",
      "pos": [
        -882,
        642
      ],
      "size": {
        "0": 315,
        "1": 130
      },
      "flags": {},
      "order": 46,
      "mode": 2,
      "inputs": [
        {
          "name": "image",
          "type": "IMAGE",
          "link": 241
        }
      ],
      "outputs": [
        {
          "name": "IMAGE",
          "type": "IMAGE",
          "links": [
            57,
            234
          ],
          "shape": 3,
          "slot_index": 0
        }
      ],
      "properties": {
        "Node name for S&R": "ImageScale"
      },
      "widgets_values": [
        "nearest-exact",
        512,
        512,
        "disabled"
      ]
    },
    {
      "id": 172,
      "type": "GroundingDinoModelLoader (segment anything)",
      "pos": [
        -537,
        656
      ],
      "size": {
        "0": 361.20001220703125,
        "1": 58
      },
      "flags": {},
      "order": 0,
      "mode": 2,
      "outputs": [
        {
          "name": "GROUNDING_DINO_MODEL",
          "type": "GROUNDING_DINO_MODEL",
          "links": [
            233
          ],
          "shape": 3
        }
      ],
      "properties": {
        "Node name for S&R": "GroundingDinoModelLoader (segment anything)"
      },
      "widgets_values": [
        "GroundingDINO_SwinB (938MB)"
      ]
    },
    {
      "id": 170,
      "type": "SAMModelLoader (segment anything)",
      "pos": [
        -523,
        769
      ],
      "size": {
        "0": 315,
        "1": 58
      },
      "flags": {},
      "order": 1,
      "mode": 2,
      "outputs": [
        {
          "name": "SAM_MODEL",
          "type": "SAM_MODEL",
          "links": [
            232
          ],
          "shape": 3,
          "slot_index": 0
        }
      ],
      "properties": {
        "Node name for S&R": "SAMModelLoader (segment anything)"
      },
      "widgets_values": [
        "sam_vit_h (2.56GB)"
      ]
    },
    {
      "id": 34,
      "type": "SaveImage",
      "pos": [
        -854,
        863
      ],
      "size": {
        "0": 246.74234008789062,
        "1": 270
      },
      "flags": {},
      "order": 58,
      "mode": 2,
      "inputs": [
        {
          "name": "images",
          "type": "IMAGE",
          "link": 57
        }
      ],
      "properties": {
        "Node name for S&R": "SaveImage"
      },
      "widgets_values": [
        "ComfyUI"
      ]
    },
    {
      "id": 12,
      "type": "[Comfy3D] Switch Mesh Axis",
      "pos": [
        1174,
        719
      ],
      "size": {
        "0": 315,
        "1": 154
      },
      "flags": {},
      "order": 80,
      "mode": 2,
      "inputs": [
        {
          "name": "mesh",
          "type": "MESH",
          "link": 13
        }
      ],
      "outputs": [
        {
          "name": "switched_mesh",
          "type": "MESH",
          "links": [
            14
          ],
          "shape": 3,
          "slot_index": 0
        }
      ],
      "properties": {
        "Node name for S&R": "[Comfy3D] Switch Mesh Axis"
      },
      "widgets_values": [
        "+y",
        "+z",
        "+x",
        false,
        1
      ]
    },
    {
      "id": 178,
      "type": "LoadTripoSRModel_",
      "pos": [
        -1420,
        1590
      ],
      "size": {
        "0": 315,
        "1": 58
      },
      "flags": {},
      "order": 2,
      "mode": 2,
      "outputs": [
        {
          "name": "TRIPOSR_MODEL",
          "type": "TRIPOSR_MODEL",
          "links": [
            248
          ],
          "shape": 3,
          "slot_index": 0
        }
      ],
      "properties": {
        "Node name for S&R": "LoadTripoSRModel_"
      },
      "widgets_values": [
        8192
      ]
    },
    {
      "id": 177,
      "type": "TripoSRSampler_",
      "pos": [
        -970,
        1570
      ],
      "size": {
        "0": 315,
        "1": 146
      },
      "flags": {},
      "order": 69,
      "mode": 2,
      "inputs": [
        {
          "name": "model",
          "type": "TRIPOSR_MODEL",
          "link": 248
        },
        {
          "name": "image",
          "type": "IMAGE",
          "link": 443
        },
        {
          "name": "mask",
          "type": "MASK",
          "link": 444
        }
      ],
      "outputs": [
        {
          "name": "MESH",
          "type": "MESH",
          "links": [
            249
          ],
          "shape": 3,
          "slot_index": 0
        }
      ],
      "properties": {
        "Node name for S&R": "TripoSRSampler_"
      },
      "widgets_values": [
        256,
        25,
        "auto"
      ]
    },
    {
      "id": 4,
      "type": "[Comfy3D] Set Diffusers Pipeline State Dict",
      "pos": [
        359,
        564
      ],
      "size": {
        "0": 315,
        "1": 82
      },
      "flags": {},
      "order": 39,
      "mode": 2,
      "inputs": [
        {
          "name": "pipe",
          "type": "DIFFUSERS_PIPE",
          "link": 2
        }
      ],
      "outputs": [
        {
          "name": "pipe",
          "type": "DIFFUSERS_PIPE",
          "links": [
            3
          ],
          "shape": 3,
          "slot_index": 0
        }
      ],
      "properties": {
        "Node name for S&R": "[Comfy3D] Set Diffusers Pipeline State Dict"
      },
      "widgets_values": [
        "TencentARC/InstantMesh",
        "diffusion_pytorch_model.bin"
      ]
    },
    {
      "id": 3,
      "type": "[Comfy3D] Set Diffusers Pipeline Scheduler",
      "pos": [
        334,
        445
      ],
      "size": {
        "0": 412.3726501464844,
        "1": 58
      },
      "flags": {},
      "order": 26,
      "mode": 2,
      "inputs": [
        {
          "name": "pipe",
          "type": "DIFFUSERS_PIPE",
          "link": 1
        }
      ],
      "outputs": [
        {
          "name": "pipe",
          "type": "DIFFUSERS_PIPE",
          "links": [
            2
          ],
          "shape": 3,
          "slot_index": 0
        }
      ],
      "properties": {
        "Node name for S&R": "[Comfy3D] Set Diffusers Pipeline Scheduler"
      },
      "widgets_values": [
        "EulerAncestralDiscreteScheduler"
      ]
    },
    {
      "id": 2,
      "type": "[Comfy3D] Load InstantMesh Reconstruction Model",
      "pos": [
        785,
        551
      ],
      "size": {
        "0": 315,
        "1": 58
      },
      "flags": {},
      "order": 3,
      "mode": 2,
      "outputs": [
        {
          "name": "lrm_model",
          "type": "LRM_MODEL",
          "links": [
            7
          ],
          "shape": 3,
          "slot_index": 0
        }
      ],
      "properties": {
        "Node name for S&R": "[Comfy3D] Load InstantMesh Reconstruction Model"
      },
      "widgets_values": [
        "instant_mesh_large.ckpt"
      ]
    },
    {
      "id": 10,
      "type": "[Comfy3D] Preview 3DMesh",
      "pos": [
        1673,
        497
      ],
      "size": [
        600,
        500
      ],
      "flags": {},
      "order": 86,
      "mode": 2,
      "inputs": [
        {
          "name": "mesh_file_path",
          "type": "STRING",
          "link": 11,
          "widget": {
            "name": "mesh_file_path"
          }
        }
      ],
      "properties": {
        "Node name for S&R": "[Comfy3D] Preview 3DMesh"
      },
      "widgets_values": [
        "",
        null
      ]
    },
    {
      "id": 9,
      "type": "[Comfy3D] Save 3D Mesh",
      "pos": [
        1224,
        592
      ],
      "size": {
        "0": 315,
        "1": 58
      },
      "flags": {},
      "order": 84,
      "mode": 2,
      "inputs": [
        {
          "name": "mesh",
          "type": "MESH",
          "link": 14
        }
      ],
      "outputs": [
        {
          "name": "save_path",
          "type": "STRING",
          "links": [
            11
          ],
          "shape": 3,
          "slot_index": 0
        }
      ],
      "properties": {
        "Node name for S&R": "[Comfy3D] Save 3D Mesh"
      },
      "widgets_values": [
        "mesh2.glb"
      ]
    },
    {
      "id": 179,
      "type": "SaveTripoSRMesh",
      "pos": [
        -580,
        1580
      ],
      "size": {
        "0": 418.528564453125,
        "1": 509.32000732421875
      },
      "flags": {},
      "order": 75,
      "mode": 2,
      "inputs": [
        {
          "name": "mesh",
          "type": "MESH",
          "link": 249
        }
      ],
      "properties": {
        "Node name for S&R": "SaveTripoSRMesh"
      }
    },
    {
      "id": 242,
      "type": "VAEDecode",
      "pos": [
        553.5851617566113,
        -1590
      ],
      "size": {
        "0": 210,
        "1": 46
      },
      "flags": {},
      "order": 70,
      "mode": 0,
      "inputs": [
        {
          "name": "samples",
          "type": "LATENT",
          "link": 328
        },
        {
          "name": "vae",
          "type": "VAE",
          "link": 329
        }
      ],
      "outputs": [
        {
          "name": "IMAGE",
          "type": "IMAGE",
          "links": [
            330,
            332
          ],
          "slot_index": 0
        }
      ],
      "properties": {
        "Node name for S&R": "VAEDecode"
      }
    },
    {
      "id": 246,
      "type": "UpscaleModelLoader",
      "pos": [
        1183.5851617566113,
        -1710
      ],
      "size": {
        "0": 315,
        "1": 58
      },
      "flags": {},
      "order": 4,
      "mode": 0,
      "outputs": [
        {
          "name": "UPSCALE_MODEL",
          "type": "UPSCALE_MODEL",
          "links": [
            337
          ],
          "shape": 3
        }
      ],
      "properties": {
        "Node name for S&R": "UpscaleModelLoader"
      },
      "widgets_values": [
        "4x_NMKD-Superscale-SP_178000_G.pth"
      ]
    },
    {
      "id": 235,
      "type": "GetImageSize+",
      "pos": [
        -196.41483824338872,
        -670
      ],
      "size": {
        "0": 210,
        "1": 66
      },
      "flags": {},
      "order": 51,
      "mode": 0,
      "inputs": [
        {
          "name": "image",
          "type": "IMAGE",
          "link": 320
        }
      ],
      "outputs": [
        {
          "name": "width",
          "type": "INT",
          "links": [
            308
          ],
          "shape": 3,
          "slot_index": 0
        },
        {
          "name": "height",
          "type": "INT",
          "links": [
            309
          ],
          "shape": 3,
          "slot_index": 1
        },
        {
          "name": "count",
          "type": "INT",
          "links": null,
          "shape": 3
        }
      ],
      "properties": {
        "Node name for S&R": "GetImageSize+"
      }
    },
    {
      "id": 233,
      "type": "VAELoader",
      "pos": [
        -296.41483824338866,
        -830
      ],
      "size": {
        "0": 315,
        "1": 58
      },
      "flags": {},
      "order": 5,
      "mode": 0,
      "outputs": [
        {
          "name": "VAE",
          "type": "VAE",
          "links": [
            313
          ],
          "shape": 3,
          "slot_index": 0
        }
      ],
      "properties": {
        "Node name for S&R": "VAELoader"
      },
      "widgets_values": [
        "SDXL-vae_FIXED.safetensors"
      ]
    },
    {
      "id": 227,
      "type": "CLIPTextEncode",
      "pos": [
        233.58516175661128,
        -530
      ],
      "size": {
        "0": 425.27801513671875,
        "1": 180.6060791015625
      },
      "flags": {},
      "order": 34,
      "mode": 0,
      "inputs": [
        {
          "name": "clip",
          "type": "CLIP",
          "link": 311
        }
      ],
      "outputs": [
        {
          "name": "CONDITIONING",
          "type": "CONDITIONING",
          "links": [
            316
          ],
          "slot_index": 0
        }
      ],
      "properties": {
        "Node name for S&R": "CLIPTextEncode"
      },
      "widgets_values": [
        "lowres, bad anatomy, bad hands, text, error, missing fingers, extra digit, fewer digits, cropped, worst quality, low quality, normal quality, jpeg artifacts, signature, watermark, username, blurry, artist name, trademark, watermark, title, multiple view, reference sheet, mutated hands and fingers, poorly drawn face, mutation, deformed, ugly, bad proportions, gross proportions, malformed limbs, missing arms, missing legs, extra arms, extra legs, fused fingers, too many fingers, long neck, tatoo, amateur drawing, odd eyes, uneven eyes, unnatural face, uneven nostrils, crooked mouth, bad teeth, crooked teeth, photoshop, video game, censor, censored, ghost, b&w, weird colors, gradient background, spotty background, blurry background, ugly background, simple background, realistic, out of frame, extra objects, gross, ugly, tiling, poorly drawn hands, poorly drawn feet, poorly drawn face, out of focus, blurry, very long body, duplicate, morbid, mutilated, extra fingers, mutated hands, poorly drawn eyes, cloned face, disfigured, deformed, cross-eye, extra limbs, missing limb, malformed hands, mutated, morbid, mutilated, disfigured, extra arms, extra hands, mangled fingers, contorted, conjoined, mismatched limbs, mismatched parts, bad perspective, black and white, oversaturated, undersaturated, bad shadow, cropped image, draft, grainy, pixelated"
      ]
    },
    {
      "id": 225,
      "type": "EmptyLatentImage",
      "pos": [
        -176.41483824338872,
        -480
      ],
      "size": {
        "0": 323.96075439453125,
        "1": 127.00872802734375
      },
      "flags": {},
      "order": 61,
      "mode": 0,
      "inputs": [
        {
          "name": "width",
          "type": "INT",
          "link": 308,
          "widget": {
            "name": "width"
          }
        },
        {
          "name": "height",
          "type": "INT",
          "link": 309,
          "widget": {
            "name": "height"
          }
        }
      ],
      "outputs": [
        {
          "name": "LATENT",
          "type": "LATENT",
          "links": [
            307
          ],
          "slot_index": 0
        }
      ],
      "properties": {
        "Node name for S&R": "EmptyLatentImage"
      },
      "widgets_values": [
        1920,
        1080,
        1
      ]
    },
    {
      "id": 232,
      "type": "ControlNetApplyAdvanced",
      "pos": [
        753.5851617566113,
        -720
      ],
      "size": {
        "0": 315,
        "1": 166
      },
      "flags": {},
      "order": 50,
      "mode": 0,
      "inputs": [
        {
          "name": "positive",
          "type": "CONDITIONING",
          "link": 315
        },
        {
          "name": "negative",
          "type": "CONDITIONING",
          "link": 316
        },
        {
          "name": "control_net",
          "type": "CONTROL_NET",
          "link": 317
        },
        {
          "name": "image",
          "type": "IMAGE",
          "link": 437
        }
      ],
      "outputs": [
        {
          "name": "positive",
          "type": "CONDITIONING",
          "links": [
            305
          ],
          "shape": 3,
          "slot_index": 0
        },
        {
          "name": "negative",
          "type": "CONDITIONING",
          "links": [
            306
          ],
          "shape": 3,
          "slot_index": 1
        }
      ],
      "properties": {
        "Node name for S&R": "ControlNetApplyAdvanced"
      },
      "widgets_values": [
        1,
        0,
        0.9
      ]
    },
    {
      "id": 231,
      "type": "ControlNetLoader",
      "pos": [
        233.58516175661128,
        -280
      ],
      "size": {
        "0": 407.4871520996094,
        "1": 58
      },
      "flags": {},
      "order": 6,
      "mode": 0,
      "outputs": [
        {
          "name": "CONTROL_NET",
          "type": "CONTROL_NET",
          "links": [
            317
          ],
          "shape": 3,
          "slot_index": 0
        }
      ],
      "properties": {
        "Node name for S&R": "ControlNetLoader"
      },
      "widgets_values": [
        " controlnet-union-sdxl-1.0.safetensors"
      ]
    },
    {
      "id": 228,
      "type": "VAEDecode",
      "pos": [
        1413.5851617566113,
        -850
      ],
      "size": {
        "0": 210,
        "1": 46
      },
      "flags": {},
      "order": 78,
      "mode": 0,
      "inputs": [
        {
          "name": "samples",
          "type": "LATENT",
          "link": 312
        },
        {
          "name": "vae",
          "type": "VAE",
          "link": 313
        }
      ],
      "outputs": [
        {
          "name": "IMAGE",
          "type": "IMAGE",
          "links": [
            314
          ],
          "slot_index": 0
        }
      ],
      "properties": {
        "Node name for S&R": "VAEDecode"
      }
    },
    {
      "id": 240,
      "type": "CLIPTextEncode",
      "pos": [
        -366.41483824338866,
        -1610
      ],
      "size": {
        "0": 422.84503173828125,
        "1": 164.31304931640625
      },
      "flags": {},
      "order": 47,
      "mode": 0,
      "inputs": [
        {
          "name": "clip",
          "type": "CLIP",
          "link": 326
        }
      ],
      "outputs": [
        {
          "name": "CONDITIONING",
          "type": "CONDITIONING",
          "links": [
            323,
            334
          ],
          "slot_index": 0
        }
      ],
      "properties": {
        "Node name for S&R": "CLIPTextEncode"
      },
      "widgets_values": [
        "desk table focus, inside home, minimalist design, residential house, two-story house, design modern furniture, geometric shapes, large windows, dusk, outdoor lighting, indoor lighting visible, white and green with palm tree, end of the day, sunset"
      ]
    },
    {
      "id": 243,
      "type": "SaveImage",
      "pos": [
        773.5851617566113,
        -1540
      ],
      "size": {
        "0": 465.5926818847656,
        "1": 570.7760009765625
      },
      "flags": {},
      "order": 76,
      "mode": 0,
      "inputs": [
        {
          "name": "images",
          "type": "IMAGE",
          "link": 330
        }
      ],
      "properties": {
        "Node name for S&R": "SaveImage"
      },
      "widgets_values": [
        "ComfyUI"
      ]
    },
    {
      "id": 244,
      "type": "CLIPSetLastLayer",
      "pos": [
        -906.4148382433887,
        -1420
      ],
      "size": {
        "0": 315,
        "1": 58
      },
      "flags": {},
      "order": 36,
      "mode": 0,
      "inputs": [
        {
          "name": "clip",
          "type": "CLIP",
          "link": 331
        }
      ],
      "outputs": [
        {
          "name": "CLIP",
          "type": "CLIP",
          "links": [
            326,
            327
          ],
          "shape": 3,
          "slot_index": 0
        }
      ],
      "properties": {
        "Node name for S&R": "CLIPSetLastLayer"
      },
      "widgets_values": [
        -1
      ]
    },
    {
      "id": 1,
      "type": "[Comfy3D] Load Diffusers Pipeline",
      "pos": [
        251,
        232
      ],
      "size": {
        "0": 383.9324645996094,
        "1": 154
      },
      "flags": {},
      "order": 7,
      "mode": 2,
      "outputs": [
        {
          "name": "pipe",
          "type": "DIFFUSERS_PIPE",
          "links": [
            1
          ],
          "shape": 3,
          "slot_index": 0
        }
      ],
      "properties": {
        "Node name for S&R": "[Comfy3D] Load Diffusers Pipeline"
      },
      "widgets_values": [
        "Zero123PlusPipeline",
        "sudo-ai/zero123plus-v1.2",
        "",
        false,
        ""
      ]
    },
    {
      "id": 241,
      "type": "CLIPTextEncode",
      "pos": [
        -440.41483824338866,
        -1380
      ],
      "size": {
        "0": 425.27801513671875,
        "1": 180.6060791015625
      },
      "flags": {},
      "order": 48,
      "mode": 0,
      "inputs": [
        {
          "name": "clip",
          "type": "CLIP",
          "link": 327
        }
      ],
      "outputs": [
        {
          "name": "CONDITIONING",
          "type": "CONDITIONING",
          "links": [
            324,
            335
          ],
          "slot_index": 0
        }
      ],
      "properties": {
        "Node name for S&R": "CLIPTextEncode"
      },
      "widgets_values": [
        "text, watermark, deformed, "
      ]
    },
    {
      "id": 239,
      "type": "EmptyLatentImage",
      "pos": [
        -163.41483824338872,
        -1138
      ],
      "size": {
        "0": 315,
        "1": 106
      },
      "flags": {},
      "order": 8,
      "mode": 0,
      "outputs": [
        {
          "name": "LATENT",
          "type": "LATENT",
          "links": [
            325
          ],
          "slot_index": 0
        }
      ],
      "properties": {
        "Node name for S&R": "EmptyLatentImage"
      },
      "widgets_values": [
        1024,
        1024,
        1
      ]
    },
    {
      "id": 261,
      "type": "CheckpointLoaderSimple",
      "pos": [
        -1460,
        3560
      ],
      "size": {
        "0": 315,
        "1": 98
      },
      "flags": {},
      "order": 9,
      "mode": 2,
      "outputs": [
        {
          "name": "MODEL",
          "type": "MODEL",
          "links": [
            359
          ],
          "shape": 3
        },
        {
          "name": "CLIP",
          "type": "CLIP",
          "links": [
            360
          ],
          "shape": 3
        },
        {
          "name": "VAE",
          "type": "VAE",
          "links": [],
          "shape": 3,
          "slot_index": 2
        }
      ],
      "properties": {
        "Node name for S&R": "CheckpointLoaderSimple"
      },
      "widgets_values": [
        "AiARTiST XL ACG Playground V6-MiracleHyper.safetensors"
      ]
    },
    {
      "id": 263,
      "type": "LoraLoader",
      "pos": [
        -1070,
        3560
      ],
      "size": {
        "0": 315,
        "1": 126
      },
      "flags": {},
      "order": 27,
      "mode": 2,
      "inputs": [
        {
          "name": "model",
          "type": "MODEL",
          "link": 359
        },
        {
          "name": "clip",
          "type": "CLIP",
          "link": 360
        }
      ],
      "outputs": [
        {
          "name": "MODEL",
          "type": "MODEL",
          "links": [
            353
          ],
          "shape": 3
        },
        {
          "name": "CLIP",
          "type": "CLIP",
          "links": [
            340,
            358
          ],
          "shape": 3
        }
      ],
      "properties": {
        "Node name for S&R": "LoraLoader"
      },
      "widgets_values": [
        "add-detail-xl.safetensors",
        1,
        1
      ]
    },
    {
      "id": 262,
      "type": "CLIPTextEncode",
      "pos": [
        -670,
        3840
      ],
      "size": {
        "0": 400,
        "1": 200
      },
      "flags": {},
      "order": 41,
      "mode": 2,
      "inputs": [
        {
          "name": "clip",
          "type": "CLIP",
          "link": 358
        }
      ],
      "outputs": [
        {
          "name": "CONDITIONING",
          "type": "CONDITIONING",
          "links": [
            348
          ],
          "shape": 3
        }
      ],
      "properties": {
        "Node name for S&R": "CLIPTextEncode"
      },
      "widgets_values": [
        ""
      ]
    },
    {
      "id": 252,
      "type": "ACN_AdvancedControlNetApply",
      "pos": [
        -190,
        3530
      ],
      "size": {
        "0": 447.88006591796875,
        "1": 361.121337890625
      },
      "flags": {},
      "order": 63,
      "mode": 2,
      "inputs": [
        {
          "name": "positive",
          "type": "CONDITIONING",
          "link": 347
        },
        {
          "name": "negative",
          "type": "CONDITIONING",
          "link": 348
        },
        {
          "name": "control_net",
          "type": "CONTROL_NET",
          "link": 349
        },
        {
          "name": "image",
          "type": "IMAGE",
          "link": 350
        },
        {
          "name": "mask_optional",
          "type": "MASK",
          "link": null
        },
        {
          "name": "timestep_kf",
          "type": "TIMESTEP_KEYFRAME",
          "link": null
        },
        {
          "name": "latent_kf_override",
          "type": "LATENT_KEYFRAME",
          "link": null
        },
        {
          "name": "weights_override",
          "type": "CONTROL_NET_WEIGHTS",
          "link": null
        },
        {
          "name": "model_optional",
          "type": "MODEL",
          "link": null
        },
        {
          "name": "vae_optional",
          "type": "VAE",
          "link": null
        }
      ],
      "outputs": [
        {
          "name": "positive",
          "type": "CONDITIONING",
          "links": [
            369
          ],
          "shape": 3
        },
        {
          "name": "negative",
          "type": "CONDITIONING",
          "links": [
            370
          ],
          "shape": 3,
          "slot_index": 1
        },
        {
          "name": "model_opt",
          "type": "MODEL",
          "links": null,
          "shape": 3
        }
      ],
      "properties": {
        "Node name for S&R": "ACN_AdvancedControlNetApply"
      },
      "widgets_values": [
        0.3,
        0,
        1
      ]
    },
    {
      "id": 299,
      "type": "PreviewMask_",
      "pos": [
        -130,
        2740
      ],
      "size": {
        "0": 210,
        "1": 246
      },
      "flags": {},
      "order": 43,
      "mode": 2,
      "inputs": [
        {
          "name": "mask",
          "type": "MASK",
          "link": 411
        }
      ],
      "properties": {
        "Node name for S&R": "PreviewMask_"
      }
    },
    {
      "id": 302,
      "type": "ImageScale",
      "pos": [
        -110,
        2460
      ],
      "size": {
        "0": 315,
        "1": 130
      },
      "flags": {},
      "order": 45,
      "mode": 2,
      "inputs": [
        {
          "name": "image",
          "type": "IMAGE",
          "link": 414
        }
      ],
      "outputs": [
        {
          "name": "IMAGE",
          "type": "IMAGE",
          "links": [
            415,
            416,
            420,
            421,
            422
          ],
          "shape": 3,
          "slot_index": 0
        }
      ],
      "properties": {
        "Node name for S&R": "ImageScale"
      },
      "widgets_values": [
        "nearest-exact",
        1024,
        1024,
        "disabled"
      ]
    },
    {
      "id": 272,
      "type": "ACN_AdvancedControlNetApply",
      "pos": [
        370,
        3540
      ],
      "size": {
        "0": 355.20001220703125,
        "1": 286
      },
      "flags": {},
      "order": 72,
      "mode": 2,
      "inputs": [
        {
          "name": "positive",
          "type": "CONDITIONING",
          "link": 369
        },
        {
          "name": "negative",
          "type": "CONDITIONING",
          "link": 370
        },
        {
          "name": "control_net",
          "type": "CONTROL_NET",
          "link": 371,
          "slot_index": 2
        },
        {
          "name": "image",
          "type": "IMAGE",
          "link": 372
        },
        {
          "name": "mask_optional",
          "type": "MASK",
          "link": null
        },
        {
          "name": "timestep_kf",
          "type": "TIMESTEP_KEYFRAME",
          "link": null
        },
        {
          "name": "latent_kf_override",
          "type": "LATENT_KEYFRAME",
          "link": null
        },
        {
          "name": "weights_override",
          "type": "CONTROL_NET_WEIGHTS",
          "link": null
        },
        {
          "name": "model_optional",
          "type": "MODEL",
          "link": null
        },
        {
          "name": "vae_optional",
          "type": "VAE",
          "link": null
        }
      ],
      "outputs": [
        {
          "name": "positive",
          "type": "CONDITIONING",
          "links": [
            375
          ],
          "shape": 3,
          "slot_index": 0
        },
        {
          "name": "negative",
          "type": "CONDITIONING",
          "links": [
            376
          ],
          "shape": 3,
          "slot_index": 1
        },
        {
          "name": "model_opt",
          "type": "MODEL",
          "links": null,
          "shape": 3
        }
      ],
      "properties": {
        "Node name for S&R": "ACN_AdvancedControlNetApply"
      },
      "widgets_values": [
        0.2,
        0,
        1
      ]
    },
    {
      "id": 282,
      "type": "ACN_AdvancedControlNetApply",
      "pos": [
        1240,
        3560
      ],
      "size": {
        "0": 355.20001220703125,
        "1": 286
      },
      "flags": {},
      "order": 83,
      "mode": 2,
      "inputs": [
        {
          "name": "positive",
          "type": "CONDITIONING",
          "link": 383
        },
        {
          "name": "negative",
          "type": "CONDITIONING",
          "link": 384
        },
        {
          "name": "control_net",
          "type": "CONTROL_NET",
          "link": 385,
          "slot_index": 2
        },
        {
          "name": "image",
          "type": "IMAGE",
          "link": 386,
          "slot_index": 3
        },
        {
          "name": "mask_optional",
          "type": "MASK",
          "link": null
        },
        {
          "name": "timestep_kf",
          "type": "TIMESTEP_KEYFRAME",
          "link": null
        },
        {
          "name": "latent_kf_override",
          "type": "LATENT_KEYFRAME",
          "link": null
        },
        {
          "name": "weights_override",
          "type": "CONTROL_NET_WEIGHTS",
          "link": null
        },
        {
          "name": "model_optional",
          "type": "MODEL",
          "link": null,
          "slot_index": 8
        },
        {
          "name": "vae_optional",
          "type": "VAE",
          "link": null
        }
      ],
      "outputs": [
        {
          "name": "positive",
          "type": "CONDITIONING",
          "links": [
            393
          ],
          "shape": 3,
          "slot_index": 0
        },
        {
          "name": "negative",
          "type": "CONDITIONING",
          "links": [
            394
          ],
          "shape": 3,
          "slot_index": 1
        },
        {
          "name": "model_opt",
          "type": "MODEL",
          "links": null,
          "shape": 3,
          "slot_index": 2
        }
      ],
      "properties": {
        "Node name for S&R": "ACN_AdvancedControlNetApply"
      },
      "widgets_values": [
        0.3,
        0,
        1
      ]
    },
    {
      "id": 296,
      "type": "InpaintModelConditioning",
      "pos": [
        2070,
        3570
      ],
      "size": {
        "0": 216.59999084472656,
        "1": 106
      },
      "flags": {},
      "order": 87,
      "mode": 2,
      "inputs": [
        {
          "name": "positive",
          "type": "CONDITIONING",
          "link": 405
        },
        {
          "name": "negative",
          "type": "CONDITIONING",
          "link": 406
        },
        {
          "name": "vae",
          "type": "VAE",
          "link": 430
        },
        {
          "name": "pixels",
          "type": "IMAGE",
          "link": 408
        },
        {
          "name": "mask",
          "type": "MASK",
          "link": 409
        }
      ],
      "outputs": [
        {
          "name": "positive",
          "type": "CONDITIONING",
          "links": [
            342
          ],
          "shape": 3,
          "slot_index": 0
        },
        {
          "name": "negative",
          "type": "CONDITIONING",
          "links": [
            343
          ],
          "shape": 3,
          "slot_index": 1
        },
        {
          "name": "latent",
          "type": "LATENT",
          "links": [
            344
          ],
          "shape": 3,
          "slot_index": 2
        }
      ],
      "properties": {
        "Node name for S&R": "InpaintModelConditioning"
      }
    },
    {
      "id": 260,
      "type": "PreviewImage",
      "pos": [
        70,
        3230
      ],
      "size": {
        "0": 210,
        "1": 246
      },
      "flags": {},
      "order": 64,
      "mode": 2,
      "inputs": [
        {
          "name": "images",
          "type": "IMAGE",
          "link": 357
        }
      ],
      "properties": {
        "Node name for S&R": "PreviewImage"
      }
    },
    {
      "id": 276,
      "type": "ACN_AdvancedControlNetApply",
      "pos": [
        820,
        3530
      ],
      "size": {
        "0": 355.20001220703125,
        "1": 286
      },
      "flags": {},
      "order": 79,
      "mode": 2,
      "inputs": [
        {
          "name": "positive",
          "type": "CONDITIONING",
          "link": 375
        },
        {
          "name": "negative",
          "type": "CONDITIONING",
          "link": 376
        },
        {
          "name": "control_net",
          "type": "CONTROL_NET",
          "link": 377,
          "slot_index": 2
        },
        {
          "name": "image",
          "type": "IMAGE",
          "link": 378
        },
        {
          "name": "mask_optional",
          "type": "MASK",
          "link": null
        },
        {
          "name": "timestep_kf",
          "type": "TIMESTEP_KEYFRAME",
          "link": null
        },
        {
          "name": "latent_kf_override",
          "type": "LATENT_KEYFRAME",
          "link": null
        },
        {
          "name": "weights_override",
          "type": "CONTROL_NET_WEIGHTS",
          "link": null
        },
        {
          "name": "model_optional",
          "type": "MODEL",
          "link": null,
          "slot_index": 8
        },
        {
          "name": "vae_optional",
          "type": "VAE",
          "link": null
        }
      ],
      "outputs": [
        {
          "name": "positive",
          "type": "CONDITIONING",
          "links": [
            383
          ],
          "shape": 3,
          "slot_index": 0
        },
        {
          "name": "negative",
          "type": "CONDITIONING",
          "links": [
            384
          ],
          "shape": 3,
          "slot_index": 1
        },
        {
          "name": "model_opt",
          "type": "MODEL",
          "links": null,
          "shape": 3
        }
      ],
      "properties": {
        "Node name for S&R": "ACN_AdvancedControlNetApply"
      },
      "widgets_values": [
        0.3,
        0,
        1
      ]
    },
    {
      "id": 304,
      "type": "PreviewImage",
      "pos": [
        590,
        3270
      ],
      "size": [
        210,
        246
      ],
      "flags": {},
      "order": 65,
      "mode": 2,
      "inputs": [
        {
          "name": "images",
          "type": "IMAGE",
          "link": 424
        }
      ],
      "properties": {
        "Node name for S&R": "PreviewImage"
      }
    },
    {
      "id": 281,
      "type": "AnyLinePreprocessor",
      "pos": [
        360,
        3260
      ],
      "size": {
        "0": 210,
        "1": 26
      },
      "flags": {},
      "order": 56,
      "mode": 2,
      "inputs": [
        {
          "name": "image",
          "type": "IMAGE",
          "link": 421
        }
      ],
      "outputs": [
        {
          "name": "image",
          "type": "IMAGE",
          "links": [
            372,
            424
          ],
          "shape": 3,
          "slot_index": 0
        }
      ],
      "properties": {
        "Node name for S&R": "AnyLinePreprocessor"
      }
    },
    {
      "id": 278,
      "type": "MarigoldDepthEstimation_v2",
      "pos": [
        820,
        3270
      ],
      "size": {
        "0": 218.39999389648438,
        "1": 222
      },
      "flags": {},
      "order": 57,
      "mode": 2,
      "inputs": [
        {
          "name": "marigold_model",
          "type": "MARIGOLDMODEL",
          "link": 379,
          "slot_index": 0
        },
        {
          "name": "image",
          "type": "IMAGE",
          "link": 422
        }
      ],
      "outputs": [
        {
          "name": "image",
          "type": "IMAGE",
          "links": [
            378,
            381
          ],
          "shape": 3,
          "slot_index": 0
        }
      ],
      "properties": {
        "Node name for S&R": "MarigoldDepthEstimation_v2"
      },
      "widgets_values": [
        571227671643776,
        "fixed",
        4,
        3,
        1024,
        "DDIMScheduler",
        false
      ]
    },
    {
      "id": 280,
      "type": "PreviewImage",
      "pos": [
        1060,
        3250
      ],
      "size": [
        140,
        246
      ],
      "flags": {},
      "order": 66,
      "mode": 2,
      "inputs": [
        {
          "name": "images",
          "type": "IMAGE",
          "link": 381
        }
      ],
      "properties": {
        "Node name for S&R": "PreviewImage"
      }
    },
    {
      "id": 250,
      "type": "KSampler",
      "pos": [
        2420,
        3560
      ],
      "size": {
        "0": 315,
        "1": 262
      },
      "flags": {},
      "order": 88,
      "mode": 2,
      "inputs": [
        {
          "name": "model",
          "type": "MODEL",
          "link": 341
        },
        {
          "name": "positive",
          "type": "CONDITIONING",
          "link": 342
        },
        {
          "name": "negative",
          "type": "CONDITIONING",
          "link": 343
        },
        {
          "name": "latent_image",
          "type": "LATENT",
          "link": 344
        }
      ],
      "outputs": [
        {
          "name": "LATENT",
          "type": "LATENT",
          "links": [
            345
          ],
          "shape": 3,
          "slot_index": 0
        }
      ],
      "properties": {
        "Node name for S&R": "KSampler"
      },
      "widgets_values": [
        177281892462901,
        "fixed",
        40,
        1,
        "euler_ancestral",
        "normal",
        1
      ]
    },
    {
      "id": 256,
      "type": "DifferentialDiffusion",
      "pos": [
        2090,
        3850
      ],
      "size": {
        "0": 209.4295196533203,
        "1": 26
      },
      "flags": {},
      "order": 52,
      "mode": 2,
      "inputs": [
        {
          "name": "model",
          "type": "MODEL",
          "link": 352
        }
      ],
      "outputs": [
        {
          "name": "MODEL",
          "type": "MODEL",
          "links": [
            341
          ],
          "shape": 3,
          "slot_index": 0
        }
      ],
      "properties": {
        "Node name for S&R": "DifferentialDiffusion"
      }
    },
    {
      "id": 257,
      "type": "IPAdapterTiled",
      "pos": [
        2040,
        3960
      ],
      "size": {
        "0": 315,
        "1": 302
      },
      "flags": {},
      "order": 42,
      "mode": 2,
      "inputs": [
        {
          "name": "model",
          "type": "MODEL",
          "link": 353
        },
        {
          "name": "ipadapter",
          "type": "IPADAPTER",
          "link": 354
        },
        {
          "name": "image",
          "type": "IMAGE",
          "link": 355
        },
        {
          "name": "image_negative",
          "type": "IMAGE",
          "link": null
        },
        {
          "name": "attn_mask",
          "type": "MASK",
          "link": null
        },
        {
          "name": "clip_vision",
          "type": "CLIP_VISION",
          "link": 356,
          "slot_index": 5
        }
      ],
      "outputs": [
        {
          "name": "MODEL",
          "type": "MODEL",
          "links": [
            352
          ],
          "shape": 3,
          "slot_index": 0
        },
        {
          "name": "tiles",
          "type": "IMAGE",
          "links": null,
          "shape": 3
        },
        {
          "name": "masks",
          "type": "MASK",
          "links": null,
          "shape": 3
        }
      ],
      "properties": {
        "Node name for S&R": "IPAdapterTiled"
      },
      "widgets_values": [
        0.8,
        "linear",
        "concat",
        0,
        1,
        0,
        "V only"
      ]
    },
    {
      "id": 258,
      "type": "IPAdapterModelLoader",
      "pos": [
        1640,
        4060
      ],
      "size": {
        "0": 315,
        "1": 58
      },
      "flags": {},
      "order": 10,
      "mode": 2,
      "outputs": [
        {
          "name": "IPADAPTER",
          "type": "IPADAPTER",
          "links": [
            354
          ],
          "shape": 3
        }
      ],
      "properties": {
        "Node name for S&R": "IPAdapterModelLoader"
      },
      "widgets_values": [
        "ip-adapter-plus_sdxl_vit-h.safetensors"
      ]
    },
    {
      "id": 294,
      "type": "CLIPVisionLoader",
      "pos": [
        1610,
        4210
      ],
      "size": {
        "0": 315,
        "1": 58
      },
      "flags": {},
      "order": 11,
      "mode": 2,
      "outputs": [
        {
          "name": "CLIP_VISION",
          "type": "CLIP_VISION",
          "links": [
            356
          ],
          "shape": 3
        }
      ],
      "properties": {
        "Node name for S&R": "CLIPVisionLoader"
      },
      "widgets_values": [
        "pytorch_model.bin"
      ]
    },
    {
      "id": 301,
      "type": "RembgNode_Mix",
      "pos": [
        1660,
        4350
      ],
      "size": {
        "0": 315,
        "1": 98
      },
      "flags": {},
      "order": 28,
      "mode": 2,
      "inputs": [
        {
          "name": "image",
          "type": "IMAGE",
          "link": 413
        }
      ],
      "outputs": [
        {
          "name": "masks",
          "type": "MASK",
          "links": null,
          "shape": 6
        },
        {
          "name": "images",
          "type": "IMAGE",
          "links": [
            355
          ],
          "shape": 6,
          "slot_index": 1
        },
        {
          "name": "RGBAs",
          "type": "RGBA",
          "links": null,
          "shape": 6
        }
      ],
      "properties": {
        "Node name for S&R": "RembgNode_Mix"
      },
      "widgets_values": [
        "u2net"
      ]
    },
    {
      "id": 259,
      "type": "LoadImage",
      "pos": [
        1200,
        4070
      ],
      "size": {
        "0": 361.2230529785156,
        "1": 546.81396484375
      },
      "flags": {},
      "order": 12,
      "mode": 2,
      "outputs": [
        {
          "name": "IMAGE",
          "type": "IMAGE",
          "links": [
            413
          ],
          "shape": 3,
          "slot_index": 0
        },
        {
          "name": "MASK",
          "type": "MASK",
          "links": null,
          "shape": 3
        }
      ],
      "properties": {
        "Node name for S&R": "LoadImage"
      },
      "widgets_values": [
        "mistoline_00049_.png",
        "image"
      ]
    },
    {
      "id": 291,
      "type": "VAEEncode",
      "pos": [
        670,
        2820
      ],
      "size": {
        "0": 210,
        "1": 46
      },
      "flags": {},
      "order": 55,
      "mode": 2,
      "inputs": [
        {
          "name": "pixels",
          "type": "IMAGE",
          "link": 420
        },
        {
          "name": "vae",
          "type": "VAE",
          "link": 428
        }
      ],
      "outputs": [
        {
          "name": "LATENT",
          "type": "LATENT",
          "links": [
            396
          ],
          "shape": 3,
          "slot_index": 0
        }
      ],
      "properties": {
        "Node name for S&R": "VAEEncode"
      }
    },
    {
      "id": 290,
      "type": "ICLightConditioning",
      "pos": [
        1650,
        3560
      ],
      "size": {
        "0": 342.5999755859375,
        "1": 138
      },
      "flags": {},
      "order": 85,
      "mode": 2,
      "inputs": [
        {
          "name": "positive",
          "type": "CONDITIONING",
          "link": 393
        },
        {
          "name": "negative",
          "type": "CONDITIONING",
          "link": 394
        },
        {
          "name": "vae",
          "type": "VAE",
          "link": 429,
          "slot_index": 2
        },
        {
          "name": "foreground",
          "type": "LATENT",
          "link": 396
        },
        {
          "name": "opt_background",
          "type": "LATENT",
          "link": 397
        }
      ],
      "outputs": [
        {
          "name": "positive",
          "type": "CONDITIONING",
          "links": [
            405
          ],
          "shape": 3,
          "slot_index": 0
        },
        {
          "name": "negative",
          "type": "CONDITIONING",
          "links": [
            406
          ],
          "shape": 3,
          "slot_index": 1
        },
        {
          "name": "empty_latent",
          "type": "LATENT",
          "links": [],
          "shape": 3,
          "slot_index": 2
        }
      ],
      "properties": {
        "Node name for S&R": "ICLightConditioning"
      },
      "widgets_values": [
        1
      ]
    },
    {
      "id": 251,
      "type": "VAEDecode",
      "pos": [
        2780,
        3590
      ],
      "size": {
        "0": 210,
        "1": 46
      },
      "flags": {},
      "order": 89,
      "mode": 2,
      "inputs": [
        {
          "name": "samples",
          "type": "LATENT",
          "link": 345
        },
        {
          "name": "vae",
          "type": "VAE",
          "link": 431
        }
      ],
      "outputs": [
        {
          "name": "IMAGE",
          "type": "IMAGE",
          "links": [
            412
          ],
          "shape": 3,
          "slot_index": 0
        }
      ],
      "properties": {
        "Node name for S&R": "VAEDecode"
      }
    },
    {
      "id": 300,
      "type": "SaveImage",
      "pos": [
        3020,
        3570
      ],
      "size": {
        "0": 415.6733703613281,
        "1": 270
      },
      "flags": {},
      "order": 90,
      "mode": 2,
      "inputs": [
        {
          "name": "images",
          "type": "IMAGE",
          "link": 412
        }
      ],
      "properties": {
        "Node name for S&R": "SaveImage"
      },
      "widgets_values": [
        "Integration"
      ]
    },
    {
      "id": 229,
      "type": "SaveImage",
      "pos": [
        1766.5851617566113,
        -753
      ],
      "size": {
        "0": 559.1000366210938,
        "1": 744.7992553710938
      },
      "flags": {},
      "order": 82,
      "mode": 0,
      "inputs": [
        {
          "name": "images",
          "type": "IMAGE",
          "link": 314
        }
      ],
      "properties": {
        "Node name for S&R": "SaveImage"
      },
      "widgets_values": [
        "object"
      ]
    },
    {
      "id": 245,
      "type": "UltimateSDUpscale",
      "pos": [
        1303.5851617566113,
        -1560
      ],
      "size": {
        "0": 315,
        "1": 614
      },
      "flags": {},
      "order": 77,
      "mode": 0,
      "inputs": [
        {
          "name": "image",
          "type": "IMAGE",
          "link": 332
        },
        {
          "name": "model",
          "type": "MODEL",
          "link": 333
        },
        {
          "name": "positive",
          "type": "CONDITIONING",
          "link": 334
        },
        {
          "name": "negative",
          "type": "CONDITIONING",
          "link": 335
        },
        {
          "name": "vae",
          "type": "VAE",
          "link": 336
        },
        {
          "name": "upscale_model",
          "type": "UPSCALE_MODEL",
          "link": 337,
          "slot_index": 5
        }
      ],
      "outputs": [
        {
          "name": "IMAGE",
          "type": "IMAGE",
          "links": [
            426
          ],
          "shape": 3,
          "slot_index": 0
        }
      ],
      "properties": {
        "Node name for S&R": "UltimateSDUpscale"
      },
      "widgets_values": [
        2,
        691850293022998,
        "fixed",
        20,
        5,
        "euler_ancestral",
        "normal",
        0.2,
        "Linear",
        1024,
        1024,
        8,
        32,
        "None",
        1,
        64,
        8,
        16,
        true,
        false
      ]
    },
    {
      "id": 305,
      "type": "SaveImage",
      "pos": [
        1788.6313477130852,
        -1589.5306853814473
      ],
      "size": [
        315,
        270.0000457763672
      ],
      "flags": {},
      "order": 81,
      "mode": 0,
      "inputs": [
        {
          "name": "images",
          "type": "IMAGE",
          "link": 426
        }
      ],
      "properties": {
        "Node name for S&R": "SaveImage"
      },
      "widgets_values": [
        "landscape"
      ]
    },
    {
      "id": 288,
      "type": "PreviewImage",
      "pos": [
        -930,
        2800
      ],
      "size": {
        "0": 204.140380859375,
        "1": 246
      },
      "flags": {},
      "order": 44,
      "mode": 2,
      "inputs": [
        {
          "name": "images",
          "type": "IMAGE",
          "link": 391
        }
      ],
      "properties": {
        "Node name for S&R": "PreviewImage"
      }
    },
    {
      "id": 292,
      "type": "PreviewImage",
      "pos": [
        -970,
        2470
      ],
      "size": {
        "0": 210,
        "1": 246
      },
      "flags": {},
      "order": 29,
      "mode": 2,
      "inputs": [
        {
          "name": "images",
          "type": "IMAGE",
          "link": 400
        }
      ],
      "properties": {
        "Node name for S&R": "PreviewImage"
      }
    },
    {
      "id": 298,
      "type": "GrowMaskWithBlur",
      "pos": [
        -620,
        2780
      ],
      "size": {
        "0": 315,
        "1": 246
      },
      "flags": {},
      "order": 30,
      "mode": 2,
      "inputs": [
        {
          "name": "mask",
          "type": "MASK",
          "link": 410
        }
      ],
      "outputs": [
        {
          "name": "mask",
          "type": "MASK",
          "links": [
            409,
            411
          ],
          "shape": 3,
          "slot_index": 0
        },
        {
          "name": "mask_inverted",
          "type": "MASK",
          "links": null,
          "shape": 3
        }
      ],
      "properties": {
        "Node name for S&R": "GrowMaskWithBlur"
      },
      "widgets_values": [
        10,
        0,
        true,
        false,
        10,
        1,
        1,
        false
      ]
    },
    {
      "id": 287,
      "type": "CompositeImages_",
      "pos": [
        -670,
        2550
      ],
      "size": {
        "0": 315,
        "1": 146
      },
      "flags": {},
      "order": 31,
      "mode": 2,
      "inputs": [
        {
          "name": "foreground",
          "type": "*",
          "link": 388
        },
        {
          "name": "mask",
          "type": "MASK",
          "link": 389
        },
        {
          "name": "background",
          "type": "IMAGE",
          "link": 390
        }
      ],
      "outputs": [
        {
          "name": "IMAGE",
          "type": "IMAGE",
          "links": [
            391,
            408,
            414
          ],
          "shape": 3,
          "slot_index": 0
        }
      ],
      "properties": {
        "Node name for S&R": "CompositeImages_"
      },
      "widgets_values": [
        false,
        "overall",
        1
      ]
    },
    {
      "id": 293,
      "type": "VAEEncode",
      "pos": [
        688,
        2604
      ],
      "size": {
        "0": 210,
        "1": 46
      },
      "flags": {},
      "order": 32,
      "mode": 2,
      "inputs": [
        {
          "name": "pixels",
          "type": "IMAGE",
          "link": 425
        },
        {
          "name": "vae",
          "type": "VAE",
          "link": 427
        }
      ],
      "outputs": [
        {
          "name": "LATENT",
          "type": "LATENT",
          "links": [
            397
          ],
          "shape": 3,
          "slot_index": 0
        }
      ],
      "properties": {
        "Node name for S&R": "VAEEncode"
      }
    },
    {
      "id": 174,
      "type": "JWImageContrast",
      "pos": [
        -1242,
        634
      ],
      "size": {
        "0": 304.1027526855469,
        "1": 74.59619903564453
      },
      "flags": {},
      "order": 35,
      "mode": 2,
      "inputs": [
        {
          "name": "image",
          "type": "IMAGE",
          "link": 240
        }
      ],
      "outputs": [
        {
          "name": "IMAGE",
          "type": "IMAGE",
          "links": [
            241
          ],
          "shape": 3,
          "slot_index": 0
        }
      ],
      "properties": {
        "Node name for S&R": "JWImageContrast"
      },
      "widgets_values": [
        2
      ]
    },
    {
      "id": 307,
      "type": "VAELoader",
      "pos": [
        -1224,
        3899
      ],
      "size": {
        "0": 315,
        "1": 58
      },
      "flags": {},
      "order": 13,
      "mode": 2,
      "outputs": [
        {
          "name": "VAE",
          "type": "VAE",
          "links": [
            427,
            428,
            429,
            430,
            431
          ],
          "shape": 3,
          "slot_index": 0
        }
      ],
      "properties": {
        "Node name for S&R": "VAELoader"
      },
      "widgets_values": [
        "SDXL-vae_FIXED.safetensors"
      ]
    },
    {
      "id": 283,
      "type": "ControlNetLoaderAdvanced",
      "pos": [
        1270,
        3930
      ],
      "size": {
        "0": 367.79998779296875,
        "1": 58
      },
      "flags": {},
      "order": 14,
      "mode": 2,
      "inputs": [
        {
          "name": "timestep_keyframe",
          "type": "TIMESTEP_KEYFRAME",
          "link": null
        }
      ],
      "outputs": [
        {
          "name": "CONTROL_NET",
          "type": "CONTROL_NET",
          "links": [
            385
          ],
          "shape": 3,
          "slot_index": 0
        }
      ],
      "properties": {
        "Node name for S&R": "ControlNetLoaderAdvanced"
      },
      "widgets_values": [
        " controlnet-union-sdxl-1.0.safetensors"
      ]
    },
    {
      "id": 277,
      "type": "ControlNetLoaderAdvanced",
      "pos": [
        800,
        3960
      ],
      "size": {
        "0": 367.79998779296875,
        "1": 58
      },
      "flags": {},
      "order": 15,
      "mode": 2,
      "inputs": [
        {
          "name": "timestep_keyframe",
          "type": "TIMESTEP_KEYFRAME",
          "link": null
        }
      ],
      "outputs": [
        {
          "name": "CONTROL_NET",
          "type": "CONTROL_NET",
          "links": [
            377
          ],
          "shape": 3
        }
      ],
      "properties": {
        "Node name for S&R": "ControlNetLoaderAdvanced"
      },
      "widgets_values": [
        " controlnet-union-sdxl-1.0.safetensors"
      ]
    },
    {
      "id": 273,
      "type": "ControlNetLoaderAdvanced",
      "pos": [
        320,
        3990
      ],
      "size": {
        "0": 367.79998779296875,
        "1": 58
      },
      "flags": {},
      "order": 16,
      "mode": 2,
      "inputs": [
        {
          "name": "timestep_keyframe",
          "type": "TIMESTEP_KEYFRAME",
          "link": null
        }
      ],
      "outputs": [
        {
          "name": "CONTROL_NET",
          "type": "CONTROL_NET",
          "links": [
            371
          ],
          "shape": 3
        }
      ],
      "properties": {
        "Node name for S&R": "ControlNetLoaderAdvanced"
      },
      "widgets_values": [
        " controlnet-union-sdxl-1.0.safetensors"
      ]
    },
    {
      "id": 253,
      "type": "ControlNetLoaderAdvanced",
      "pos": [
        -190,
        3990
      ],
      "size": {
        "0": 367.79998779296875,
        "1": 58
      },
      "flags": {},
      "order": 17,
      "mode": 2,
      "inputs": [
        {
          "name": "timestep_keyframe",
          "type": "TIMESTEP_KEYFRAME",
          "link": null
        }
      ],
      "outputs": [
        {
          "name": "CONTROL_NET",
          "type": "CONTROL_NET",
          "links": [
            349
          ],
          "shape": 3
        }
      ],
      "properties": {
        "Node name for S&R": "ControlNetLoaderAdvanced"
      },
      "widgets_values": [
        " controlnet-union-sdxl-1.0.safetensors"
      ]
    },
    {
      "id": 285,
      "type": "3DImage",
      "pos": [
        -1590,
        2460
      ],
      "size": [
        595.5652230849882,
        753.5413028425696
      ],
      "flags": {},
      "order": 18,
      "mode": 2,
      "inputs": [
        {
          "name": "material",
          "type": "IMAGE",
          "link": null
        }
      ],
      "outputs": [
        {
          "name": "IMAGE",
          "type": "IMAGE",
          "links": [
            388,
            400
          ],
          "shape": 3,
          "slot_index": 0
        },
        {
          "name": "MASK",
          "type": "MASK",
          "links": [
            389,
            410
          ],
          "shape": 3,
          "slot_index": 1
        },
        {
          "name": "BG_IMAGE",
          "type": "IMAGE",
          "links": [
            390,
            425
          ],
          "shape": 3,
          "slot_index": 2
        },
        {
          "name": "MATERIAL",
          "type": "IMAGE",
          "links": null,
          "shape": 3
        }
      ],
      "properties": {
        "Node name for S&R": "3DImage"
      }
    },
    {
      "id": 266,
      "type": "PreviewImage",
      "pos": [
        1402,
        3291
      ],
      "size": {
        "0": 210,
        "1": 246
      },
      "flags": {},
      "order": 62,
      "mode": 2,
      "inputs": [
        {
          "name": "images",
          "type": "IMAGE",
          "link": 363
        }
      ],
      "properties": {
        "Node name for S&R": "PreviewImage"
      }
    },
    {
      "id": 265,
      "type": "CannyEdgePreprocessor",
      "pos": [
        1210,
        3289
      ],
      "size": {
        "0": 210,
        "1": 158.6817626953125
      },
      "flags": {},
      "order": 53,
      "mode": 2,
      "inputs": [
        {
          "name": "image",
          "type": "IMAGE",
          "link": 415
        }
      ],
      "outputs": [
        {
          "name": "IMAGE",
          "type": "IMAGE",
          "links": [
            363,
            386
          ],
          "shape": 3,
          "slot_index": 0
        }
      ],
      "properties": {
        "Node name for S&R": "CannyEdgePreprocessor"
      },
      "widgets_values": [
        30,
        50,
        1024
      ]
    },
    {
      "id": 224,
      "type": "CheckpointLoaderSimple",
      "pos": [
        -849.4148382433887,
        -854
      ],
      "size": {
        "0": 315,
        "1": 98
      },
      "flags": {},
      "order": 19,
      "mode": 0,
      "outputs": [
        {
          "name": "MODEL",
          "type": "MODEL",
          "links": [
            304
          ],
          "slot_index": 0
        },
        {
          "name": "CLIP",
          "type": "CLIP",
          "links": [
            310,
            311
          ],
          "slot_index": 1
        },
        {
          "name": "VAE",
          "type": "VAE",
          "links": [],
          "slot_index": 2
        }
      ],
      "properties": {
        "Node name for S&R": "CheckpointLoaderSimple"
      },
      "widgets_values": [
        "productDesignDROWID_v11.safetensors"
      ]
    },
    {
      "id": 234,
      "type": "PreviewImage",
      "pos": [
        -372.41483824338866,
        -329
      ],
      "size": {
        "0": 401.7513732910156,
        "1": 266.17120361328125
      },
      "flags": {},
      "order": 49,
      "mode": 0,
      "inputs": [
        {
          "name": "images",
          "type": "IMAGE",
          "link": 436
        }
      ],
      "properties": {
        "Node name for S&R": "PreviewImage"
      }
    },
    {
      "id": 248,
      "type": "ImageScale",
      "pos": [
        -785.4148382433887,
        -667
      ],
      "size": {
        "0": 315,
        "1": 130
      },
      "flags": {},
      "order": 38,
      "mode": 0,
      "inputs": [
        {
          "name": "image",
          "type": "IMAGE",
          "link": 442
        }
      ],
      "outputs": [
        {
          "name": "IMAGE",
          "type": "IMAGE",
          "links": [
            320
          ],
          "shape": 3,
          "slot_index": 0
        }
      ],
      "properties": {
        "Node name for S&R": "ImageScale"
      },
      "widgets_values": [
        "nearest-exact",
        1024,
        1024,
        "center"
      ]
    },
    {
      "id": 236,
      "type": "ScribblePreprocessor",
      "pos": [
        -739.4148382433887,
        -423
      ],
      "size": {
        "0": 315,
        "1": 58
      },
      "flags": {},
      "order": 37,
      "mode": 0,
      "inputs": [
        {
          "name": "image",
          "type": "IMAGE",
          "link": 441
        }
      ],
      "outputs": [
        {
          "name": "IMAGE",
          "type": "IMAGE",
          "links": [
            436,
            437
          ],
          "shape": 3,
          "slot_index": 0
        }
      ],
      "properties": {
        "Node name for S&R": "ScribblePreprocessor"
      },
      "widgets_values": [
        1024
      ]
    },
    {
      "id": 168,
      "type": "LoadImage",
      "pos": [
        -1575,
        627
      ],
      "size": {
        "0": 315,
        "1": 314
      },
      "flags": {},
      "order": 20,
      "mode": 2,
      "outputs": [
        {
          "name": "IMAGE",
          "type": "IMAGE",
          "links": [
            240
          ],
          "shape": 3,
          "slot_index": 0
        },
        {
          "name": "MASK",
          "type": "MASK",
          "links": null,
          "shape": 3
        }
      ],
      "properties": {
        "Node name for S&R": "LoadImage"
      },
      "widgets_values": [
        "object_00008_.png",
        "image"
      ]
    },
    {
      "id": 173,
      "type": "PreviewImage",
      "pos": [
        -9,
        945
      ],
      "size": {
        "0": 210,
        "1": 246
      },
      "flags": {},
      "order": 67,
      "mode": 2,
      "inputs": [
        {
          "name": "images",
          "type": "IMAGE",
          "link": 236
        }
      ],
      "properties": {
        "Node name for S&R": "PreviewImage"
      }
    },
    {
      "id": 219,
      "type": "PreviewImage",
      "pos": [
        370,
        930
      ],
      "size": {
        "0": 210,
        "1": 246
      },
      "flags": {},
      "order": 73,
      "mode": 2,
      "inputs": [
        {
          "name": "images",
          "type": "IMAGE",
          "link": 303
        }
      ],
      "properties": {
        "Node name for S&R": "PreviewImage"
      }
    },
    {
      "id": 171,
      "type": "GroundingDinoSAMSegment (segment anything)",
      "pos": [
        -142,
        720
      ],
      "size": {
        "0": 352.79998779296875,
        "1": 122
      },
      "flags": {},
      "order": 59,
      "mode": 2,
      "inputs": [
        {
          "name": "sam_model",
          "type": "SAM_MODEL",
          "link": 232
        },
        {
          "name": "grounding_dino_model",
          "type": "GROUNDING_DINO_MODEL",
          "link": 233,
          "slot_index": 1
        },
        {
          "name": "image",
          "type": "IMAGE",
          "link": 234
        }
      ],
      "outputs": [
        {
          "name": "IMAGE",
          "type": "IMAGE",
          "links": [
            236,
            238,
            443
          ],
          "shape": 3,
          "slot_index": 0
        },
        {
          "name": "MASK",
          "type": "MASK",
          "links": [
            239,
            444
          ],
          "shape": 3,
          "slot_index": 1
        }
      ],
      "properties": {
        "Node name for S&R": "GroundingDinoSAMSegment (segment anything)"
      },
      "widgets_values": [
        "lamp",
        0.3
      ]
    },
    {
      "id": 275,
      "type": "MarigoldModelLoader",
      "pos": [
        -690,
        3240
      ],
      "size": {
        "0": 315,
        "1": 58
      },
      "flags": {},
      "order": 21,
      "mode": 2,
      "outputs": [
        {
          "name": "marigold_model",
          "type": "MARIGOLDMODEL",
          "links": [
            373
          ],
          "shape": 3
        }
      ],
      "properties": {
        "Node name for S&R": "MarigoldModelLoader"
      },
      "widgets_values": [
        "marigold-v1-0"
      ]
    },
    {
      "id": 274,
      "type": "MarigoldDepthEstimation_v2",
      "pos": [
        -318,
        3199
      ],
      "size": {
        "0": 315,
        "1": 222
      },
      "flags": {},
      "order": 54,
      "mode": 2,
      "inputs": [
        {
          "name": "marigold_model",
          "type": "MARIGOLDMODEL",
          "link": 373,
          "slot_index": 0
        },
        {
          "name": "image",
          "type": "IMAGE",
          "link": 416
        }
      ],
      "outputs": [
        {
          "name": "image",
          "type": "IMAGE",
          "links": [
            350,
            357
          ],
          "shape": 3,
          "slot_index": 0
        }
      ],
      "properties": {
        "Node name for S&R": "MarigoldDepthEstimation_v2"
      },
      "widgets_values": [
        571227671643769,
        "fixed",
        4,
        3,
        1024,
        "DDIMScheduler",
        false
      ]
    },
    {
      "id": 249,
      "type": "CLIPTextEncode",
      "pos": [
        -650,
        3520
      ],
      "size": {
        "0": 400,
        "1": 200
      },
      "flags": {},
      "order": 40,
      "mode": 2,
      "inputs": [
        {
          "name": "clip",
          "type": "CLIP",
          "link": 340
        }
      ],
      "outputs": [
        {
          "name": "CONDITIONING",
          "type": "CONDITIONING",
          "links": [
            347
          ],
          "shape": 3
        }
      ],
      "properties": {
        "Node name for S&R": "CLIPTextEncode"
      },
      "widgets_values": [
        "A white marble sculpture of a classical bust with a moustache, inspired by the realistic pencil sketch, featuring detailed facial features with moustache, draped clothing, and a dignified expression. The marble has a smooth finish with subtle texture, set against a plain, slightly textured background. The sculpture captures the essence of classical artistry and realism. Created using: marble sculpting tools, Renaissance art inspiration, detailed finishing techniques, hd quality, fine marble polishing, art gallery setting, balanced composition, natural light, white background"
      ]
    },
    {
      "id": 279,
      "type": "MarigoldModelLoader",
      "pos": [
        504,
        3126
      ],
      "size": {
        "0": 315,
        "1": 58
      },
      "flags": {},
      "order": 22,
      "mode": 2,
      "outputs": [
        {
          "name": "marigold_model",
          "type": "MARIGOLDMODEL",
          "links": [
            379
          ],
          "shape": 3,
          "slot_index": 0
        }
      ],
      "properties": {
        "Node name for S&R": "MarigoldModelLoader"
      },
      "widgets_values": [
        "marigold-normals-v0-1"
      ]
    },
    {
      "id": 5,
      "type": "[Comfy3D] Zero123Plus Diffusion Model",
      "pos": [
        350,
        692
      ],
      "size": {
        "0": 393,
        "1": 170
      },
      "flags": {},
      "order": 68,
      "mode": 2,
      "inputs": [
        {
          "name": "zero123plus_pipe",
          "type": "DIFFUSERS_PIPE",
          "link": 3
        },
        {
          "name": "reference_image",
          "type": "IMAGE",
          "link": 238
        },
        {
          "name": "reference_mask",
          "type": "MASK",
          "link": 239
        }
      ],
      "outputs": [
        {
          "name": "multiviews",
          "type": "IMAGE",
          "links": [
            247,
            303
          ],
          "shape": 3,
          "slot_index": 0
        },
        {
          "name": "orbit_camposes",
          "type": "ORBIT_CAMPOSES",
          "links": [
            9
          ],
          "shape": 3,
          "slot_index": 1
        }
      ],
      "properties": {
        "Node name for S&R": "[Comfy3D] Zero123Plus Diffusion Model"
      },
      "widgets_values": [
        1125899906842624,
        "fixed",
        4,
        28
      ]
    },
    {
      "id": 223,
      "type": "KSampler",
      "pos": [
        1133.5851617566113,
        -710
      ],
      "size": {
        "0": 315,
        "1": 262
      },
      "flags": {},
      "order": 71,
      "mode": 0,
      "inputs": [
        {
          "name": "model",
          "type": "MODEL",
          "link": 304
        },
        {
          "name": "positive",
          "type": "CONDITIONING",
          "link": 305
        },
        {
          "name": "negative",
          "type": "CONDITIONING",
          "link": 306
        },
        {
          "name": "latent_image",
          "type": "LATENT",
          "link": 307
        }
      ],
      "outputs": [
        {
          "name": "LATENT",
          "type": "LATENT",
          "links": [
            312
          ],
          "slot_index": 0
        }
      ],
      "properties": {
        "Node name for S&R": "KSampler"
      },
      "widgets_values": [
        8034234253,
        "fixed",
        60,
        7,
        "dpmpp_2m_sde",
        "karras",
        1
      ]
    },
    {
      "id": 237,
      "type": "KSampler",
      "pos": [
        203.58516175661128,
        -1590
      ],
      "size": {
        "0": 315,
        "1": 262
      },
      "flags": {},
      "order": 60,
      "mode": 0,
      "inputs": [
        {
          "name": "model",
          "type": "MODEL",
          "link": 322
        },
        {
          "name": "positive",
          "type": "CONDITIONING",
          "link": 323
        },
        {
          "name": "negative",
          "type": "CONDITIONING",
          "link": 324
        },
        {
          "name": "latent_image",
          "type": "LATENT",
          "link": 325
        }
      ],
      "outputs": [
        {
          "name": "LATENT",
          "type": "LATENT",
          "links": [
            328
          ],
          "slot_index": 0
        }
      ],
      "properties": {
        "Node name for S&R": "KSampler"
      },
      "widgets_values": [
        18869432200096,
        "fixed",
        30,
        1,
        "euler_ancestral",
        "normal",
        1
      ]
    },
    {
      "id": 220,
      "type": "Note Plus (mtb)",
      "pos": {
        "0": -2211,
        "1": 652,
        "2": 0,
        "3": 0,
        "4": 0,
        "5": 0,
        "6": 0,
        "7": 0,
        "8": 0,
        "9": 0
      },
      "size": {
        "0": 448.8338317871094,
        "1": 302.4961853027344
      },
      "flags": {},
      "order": 23,
      "mode": 0,
      "inputs": [],
      "outputs": [],
      "title": "Unnamed",
      "properties": {},
      "widgets_values": [
        "## custom node\n## comfyui-mixlab-nodes\n## ComfyUI-Advanced-ControlNet\n## ComfyUI-KJNodes\n## ComfyUI_IPAdapter_plus\n## ComfyUI_UltimateSDUpscale\n## ComfyUI_essentials\n## comfyui-various\n## comfyui_controlnet_aux\n## comfyui_segment_anything\n\n## Optional : ComfyUI-3D-pack\n",
        "markdown",
        "",
        "github_dark"
      ],
      "color": "#432",
      "bgcolor": "#653",
      "shape": 1
    },
    {
      "id": 8,
      "type": "[Comfy3D] InstantMesh Reconstruction Model",
      "pos": [
        796,
        712
      ],
      "size": {
        "0": 315,
        "1": 122
      },
      "flags": {},
      "order": 74,
      "mode": 2,
      "inputs": [
        {
          "name": "lrm_model",
          "type": "LRM_MODEL",
          "link": 7
        },
        {
          "name": "multiview_images",
          "type": "IMAGE",
          "link": 247
        },
        {
          "name": "orbit_camera_poses",
          "type": "ORBIT_CAMPOSES",
          "link": 9
        }
      ],
      "outputs": [
        {
          "name": "mesh",
          "type": "MESH",
          "links": [
            13
          ],
          "shape": 3,
          "slot_index": 0
        }
      ],
      "properties": {
        "Node name for S&R": "[Comfy3D] InstantMesh Reconstruction Model"
      },
      "widgets_values": [
        30,
        1024
      ]
    },
    {
      "id": 226,
      "type": "CLIPTextEncode",
      "pos": [
        223.58516175661128,
        -770
      ],
      "size": {
        "0": 422.84503173828125,
        "1": 164.31304931640625
      },
      "flags": {},
      "order": 33,
      "mode": 0,
      "inputs": [
        {
          "name": "clip",
          "type": "CLIP",
          "link": 310
        }
      ],
      "outputs": [
        {
          "name": "CONDITIONING",
          "type": "CONDITIONING",
          "links": [
            315
          ],
          "slot_index": 0
        }
      ],
      "properties": {
        "Node name for S&R": "CLIPTextEncode"
      },
      "widgets_values": [
        "A wooden sculpture of abstract human forms, inspired by Picasso, smooth and polished surface, dynamic pose, standing on a pedestal. Background is a minimalist gallery space, with soft lighting highlighting the contours and textures of the wood. Created Using: intricate carving tools, Cubism influence, natural wood grain, balanced composition, gallery setup, soft shadows, hd quality, natural look, white background"
      ]
    },
    {
      "id": 238,
      "type": "CheckpointLoaderSimple",
      "pos": [
        -1455.4148382433887,
        -1419
      ],
      "size": {
        "0": 315,
        "1": 98
      },
      "flags": {},
      "order": 24,
      "mode": 0,
      "outputs": [
        {
          "name": "MODEL",
          "type": "MODEL",
          "links": [
            322,
            333
          ],
          "slot_index": 0
        },
        {
          "name": "CLIP",
          "type": "CLIP",
          "links": [
            331
          ],
          "slot_index": 1
        },
        {
          "name": "VAE",
          "type": "VAE",
          "links": [
            329,
            336
          ],
          "slot_index": 2
        }
      ],
      "properties": {
        "Node name for S&R": "CheckpointLoaderSimple"
      },
      "widgets_values": [
        "AiARTiST XL ACG Playground V6-MiracleHyper.safetensors"
      ]
    },
    {
      "id": 230,
      "type": "LoadImage",
      "pos": [
        -1798,
        -655
      ],
      "size": {
        "0": 897.355224609375,
        "1": 570.2855224609375
      },
      "flags": {},
      "order": 25,
      "mode": 0,
      "outputs": [
        {
          "name": "IMAGE",
          "type": "IMAGE",
          "links": [
            441,
            442
          ],
          "shape": 3,
          "slot_index": 0
        },
        {
          "name": "MASK",
          "type": "MASK",
          "links": null,
          "shape": 3
        }
      ],
      "properties": {
        "Node name for S&R": "LoadImage"
      },
      "widgets_values": [
        "c83d6810-00eb-4184-8293-8f62415e8e52.png",
        "image"
      ]
    }
  ],
  "links": [
    [
      1,
      1,
      0,
      3,
      0,
      "DIFFUSERS_PIPE"
    ],
    [
      2,
      3,
      0,
      4,
      0,
      "DIFFUSERS_PIPE"
    ],
    [
      3,
      4,
      0,
      5,
      0,
      "DIFFUSERS_PIPE"
    ],
    [
      7,
      2,
      0,
      8,
      0,
      "LRM_MODEL"
    ],
    [
      9,
      5,
      1,
      8,
      2,
      "ORBIT_CAMPOSES"
    ],
    [
      11,
      9,
      0,
      10,
      0,
      "STRING"
    ],
    [
      13,
      8,
      0,
      12,
      0,
      "MESH"
    ],
    [
      14,
      12,
      0,
      9,
      0,
      "MESH"
    ],
    [
      57,
      42,
      0,
      34,
      0,
      "IMAGE"
    ],
    [
      232,
      170,
      0,
      171,
      0,
      "SAM_MODEL"
    ],
    [
      233,
      172,
      0,
      171,
      1,
      "GROUNDING_DINO_MODEL"
    ],
    [
      234,
      42,
      0,
      171,
      2,
      "IMAGE"
    ],
    [
      236,
      171,
      0,
      173,
      0,
      "IMAGE"
    ],
    [
      238,
      171,
      0,
      5,
      1,
      "IMAGE"
    ],
    [
      239,
      171,
      1,
      5,
      2,
      "MASK"
    ],
    [
      240,
      168,
      0,
      174,
      0,
      "IMAGE"
    ],
    [
      241,
      174,
      0,
      42,
      0,
      "IMAGE"
    ],
    [
      247,
      5,
      0,
      8,
      1,
      "IMAGE"
    ],
    [
      248,
      178,
      0,
      177,
      0,
      "TRIPOSR_MODEL"
    ],
    [
      249,
      177,
      0,
      179,
      0,
      "MESH"
    ],
    [
      303,
      5,
      0,
      219,
      0,
      "IMAGE"
    ],
    [
      304,
      224,
      0,
      223,
      0,
      "MODEL"
    ],
    [
      305,
      232,
      0,
      223,
      1,
      "CONDITIONING"
    ],
    [
      306,
      232,
      1,
      223,
      2,
      "CONDITIONING"
    ],
    [
      307,
      225,
      0,
      223,
      3,
      "LATENT"
    ],
    [
      308,
      235,
      0,
      225,
      0,
      "INT"
    ],
    [
      309,
      235,
      1,
      225,
      1,
      "INT"
    ],
    [
      310,
      224,
      1,
      226,
      0,
      "CLIP"
    ],
    [
      311,
      224,
      1,
      227,
      0,
      "CLIP"
    ],
    [
      312,
      223,
      0,
      228,
      0,
      "LATENT"
    ],
    [
      313,
      233,
      0,
      228,
      1,
      "VAE"
    ],
    [
      314,
      228,
      0,
      229,
      0,
      "IMAGE"
    ],
    [
      315,
      226,
      0,
      232,
      0,
      "CONDITIONING"
    ],
    [
      316,
      227,
      0,
      232,
      1,
      "CONDITIONING"
    ],
    [
      317,
      231,
      0,
      232,
      2,
      "CONTROL_NET"
    ],
    [
      320,
      248,
      0,
      235,
      0,
      "IMAGE"
    ],
    [
      322,
      238,
      0,
      237,
      0,
      "MODEL"
    ],
    [
      323,
      240,
      0,
      237,
      1,
      "CONDITIONING"
    ],
    [
      324,
      241,
      0,
      237,
      2,
      "CONDITIONING"
    ],
    [
      325,
      239,
      0,
      237,
      3,
      "LATENT"
    ],
    [
      326,
      244,
      0,
      240,
      0,
      "CLIP"
    ],
    [
      327,
      244,
      0,
      241,
      0,
      "CLIP"
    ],
    [
      328,
      237,
      0,
      242,
      0,
      "LATENT"
    ],
    [
      329,
      238,
      2,
      242,
      1,
      "VAE"
    ],
    [
      330,
      242,
      0,
      243,
      0,
      "IMAGE"
    ],
    [
      331,
      238,
      1,
      244,
      0,
      "CLIP"
    ],
    [
      332,
      242,
      0,
      245,
      0,
      "IMAGE"
    ],
    [
      333,
      238,
      0,
      245,
      1,
      "MODEL"
    ],
    [
      334,
      240,
      0,
      245,
      2,
      "CONDITIONING"
    ],
    [
      335,
      241,
      0,
      245,
      3,
      "CONDITIONING"
    ],
    [
      336,
      238,
      2,
      245,
      4,
      "VAE"
    ],
    [
      337,
      246,
      0,
      245,
      5,
      "UPSCALE_MODEL"
    ],
    [
      340,
      263,
      1,
      249,
      0,
      "CLIP"
    ],
    [
      341,
      256,
      0,
      250,
      0,
      "MODEL"
    ],
    [
      342,
      296,
      0,
      250,
      1,
      "CONDITIONING"
    ],
    [
      343,
      296,
      1,
      250,
      2,
      "CONDITIONING"
    ],
    [
      344,
      296,
      2,
      250,
      3,
      "LATENT"
    ],
    [
      345,
      250,
      0,
      251,
      0,
      "LATENT"
    ],
    [
      347,
      249,
      0,
      252,
      0,
      "CONDITIONING"
    ],
    [
      348,
      262,
      0,
      252,
      1,
      "CONDITIONING"
    ],
    [
      349,
      253,
      0,
      252,
      2,
      "CONTROL_NET"
    ],
    [
      350,
      274,
      0,
      252,
      3,
      "IMAGE"
    ],
    [
      352,
      257,
      0,
      256,
      0,
      "MODEL"
    ],
    [
      353,
      263,
      0,
      257,
      0,
      "MODEL"
    ],
    [
      354,
      258,
      0,
      257,
      1,
      "IPADAPTER"
    ],
    [
      355,
      301,
      1,
      257,
      2,
      "IMAGE"
    ],
    [
      356,
      294,
      0,
      257,
      5,
      "CLIP_VISION"
    ],
    [
      357,
      274,
      0,
      260,
      0,
      "IMAGE"
    ],
    [
      358,
      263,
      1,
      262,
      0,
      "CLIP"
    ],
    [
      359,
      261,
      0,
      263,
      0,
      "MODEL"
    ],
    [
      360,
      261,
      1,
      263,
      1,
      "CLIP"
    ],
    [
      363,
      265,
      0,
      266,
      0,
      "IMAGE"
    ],
    [
      369,
      252,
      0,
      272,
      0,
      "CONDITIONING"
    ],
    [
      370,
      252,
      1,
      272,
      1,
      "CONDITIONING"
    ],
    [
      371,
      273,
      0,
      272,
      2,
      "CONTROL_NET"
    ],
    [
      372,
      281,
      0,
      272,
      3,
      "IMAGE"
    ],
    [
      373,
      275,
      0,
      274,
      0,
      "MARIGOLDMODEL"
    ],
    [
      375,
      272,
      0,
      276,
      0,
      "CONDITIONING"
    ],
    [
      376,
      272,
      1,
      276,
      1,
      "CONDITIONING"
    ],
    [
      377,
      277,
      0,
      276,
      2,
      "CONTROL_NET"
    ],
    [
      378,
      278,
      0,
      276,
      3,
      "IMAGE"
    ],
    [
      379,
      279,
      0,
      278,
      0,
      "MARIGOLDMODEL"
    ],
    [
      381,
      278,
      0,
      280,
      0,
      "IMAGE"
    ],
    [
      383,
      276,
      0,
      282,
      0,
      "CONDITIONING"
    ],
    [
      384,
      276,
      1,
      282,
      1,
      "CONDITIONING"
    ],
    [
      385,
      283,
      0,
      282,
      2,
      "CONTROL_NET"
    ],
    [
      386,
      265,
      0,
      282,
      3,
      "IMAGE"
    ],
    [
      388,
      285,
      0,
      287,
      0,
      "*"
    ],
    [
      389,
      285,
      1,
      287,
      1,
      "MASK"
    ],
    [
      390,
      285,
      2,
      287,
      2,
      "IMAGE"
    ],
    [
      391,
      287,
      0,
      288,
      0,
      "IMAGE"
    ],
    [
      393,
      282,
      0,
      290,
      0,
      "CONDITIONING"
    ],
    [
      394,
      282,
      1,
      290,
      1,
      "CONDITIONING"
    ],
    [
      396,
      291,
      0,
      290,
      3,
      "LATENT"
    ],
    [
      397,
      293,
      0,
      290,
      4,
      "LATENT"
    ],
    [
      400,
      285,
      0,
      292,
      0,
      "IMAGE"
    ],
    [
      405,
      290,
      0,
      296,
      0,
      "CONDITIONING"
    ],
    [
      406,
      290,
      1,
      296,
      1,
      "CONDITIONING"
    ],
    [
      408,
      287,
      0,
      296,
      3,
      "IMAGE"
    ],
    [
      409,
      298,
      0,
      296,
      4,
      "MASK"
    ],
    [
      410,
      285,
      1,
      298,
      0,
      "MASK"
    ],
    [
      411,
      298,
      0,
      299,
      0,
      "MASK"
    ],
    [
      412,
      251,
      0,
      300,
      0,
      "IMAGE"
    ],
    [
      413,
      259,
      0,
      301,
      0,
      "IMAGE"
    ],
    [
      414,
      287,
      0,
      302,
      0,
      "IMAGE"
    ],
    [
      415,
      302,
      0,
      265,
      0,
      "IMAGE"
    ],
    [
      416,
      302,
      0,
      274,
      1,
      "IMAGE"
    ],
    [
      420,
      302,
      0,
      291,
      0,
      "IMAGE"
    ],
    [
      421,
      302,
      0,
      281,
      0,
      "IMAGE"
    ],
    [
      422,
      302,
      0,
      278,
      1,
      "IMAGE"
    ],
    [
      424,
      281,
      0,
      304,
      0,
      "IMAGE"
    ],
    [
      425,
      285,
      2,
      293,
      0,
      "IMAGE"
    ],
    [
      426,
      245,
      0,
      305,
      0,
      "IMAGE"
    ],
    [
      427,
      307,
      0,
      293,
      1,
      "VAE"
    ],
    [
      428,
      307,
      0,
      291,
      1,
      "VAE"
    ],
    [
      429,
      307,
      0,
      290,
      2,
      "VAE"
    ],
    [
      430,
      307,
      0,
      296,
      2,
      "VAE"
    ],
    [
      431,
      307,
      0,
      251,
      1,
      "VAE"
    ],
    [
      436,
      236,
      0,
      234,
      0,
      "IMAGE"
    ],
    [
      437,
      236,
      0,
      232,
      3,
      "IMAGE"
    ],
    [
      441,
      230,
      0,
      236,
      0,
      "IMAGE"
    ],
    [
      442,
      230,
      0,
      248,
      0,
      "IMAGE"
    ],
    [
      443,
      171,
      0,
      177,
      1,
      "IMAGE"
    ],
    [
      444,
      171,
      1,
      177,
      2,
      "MASK"
    ]
  ],
  "groups": [
    {
      "title": "3D generation",
      "bounding": [
        -1585,
        153,
        3892,
        1946
      ],
      "color": "#3f789e",
      "font_size": 24,
      "locked": false
    },
    {
      "title": "Image Generation",
      "bounding": [
        -1576,
        -1784,
        3912,
        1786
      ],
      "color": "#3f789e",
      "font_size": 24,
      "locked": false
    },
    {
      "title": "Integration",
      "bounding": [
        -1600,
        2386,
        5046,
        2241
      ],
      "color": "#3f789e",
      "font_size": 24,
      "locked": false
    }
  ],
  "config": {},
  "extra": {
    "ds": {
      "scale": 0.14641000000000026,
      "offset": [
        4789.58384582513,
        2058.3290241523414
      ]
    },
    "groupNodes": {}
  },
  "version": 0.4
}